,source,target,weight
0,0,0,0.0
1,0,1,1.0
2,0,2,0.0
3,0,3,0.0
4,0,4,0.0
5,0,5,0.0
6,0,6,0.0
7,0,7,0.0
8,0,8,0.0
9,0,9,0.0
10,0,10,0.0
11,0,11,0.0
12,0,12,0.0
13,0,13,0.0
14,0,14,0.0
15,0,15,2.0
16,0,16,18.0
17,0,17,0.0
18,0,18,0.0
19,0,19,0.0
20,0,20,2.0
21,0,21,1.0
22,0,22,1.0
23,0,23,0.0
24,0,24,0.0
25,0,25,0.0
26,0,26,0.0
27,0,27,0.0
28,0,28,0.0
29,0,29,0.0
30,0,30,0.0
31,0,31,2.0
32,0,32,0.0
33,0,33,0.0
34,0,34,0.0
35,0,35,0.0
36,0,36,0.0
37,0,37,2.0
38,0,38,0.0
39,0,39,0.0
40,0,40,0.0
41,0,41,0.0
42,0,42,0.0
43,0,43,0.0
44,0,44,2.0
45,0,45,0.0
46,0,46,0.0
47,0,47,0.0
48,0,48,0.0
49,0,49,0.0
50,0,50,0.0
51,0,51,0.0
52,0,52,0.0
53,0,53,0.0
54,0,54,0.0
55,0,55,0.0
56,0,56,0.0
57,0,57,0.0
58,0,58,0.0
59,0,59,0.0
60,1,0,1.0
61,1,1,0.0
62,1,2,1876.0
63,1,3,19.0
64,1,4,1317.0
65,1,5,60.0
66,1,6,16.0
67,1,7,4.0
68,1,8,113.0
69,1,9,0.0
70,1,10,128.0
71,1,11,37.0
72,1,12,26.0
73,1,13,34.0
74,1,14,37.0
75,1,15,181.0
76,1,16,426.0
77,1,17,87.0
78,1,18,71.0
79,1,19,3.0
80,1,20,52.0
81,1,21,5.0
82,1,22,41.0
83,1,23,82.0
84,1,24,28.0
85,1,25,12.0
86,1,26,14.0
87,1,27,1.0
88,1,28,9.0
89,1,29,88.0
90,1,30,0.0
91,1,31,85.0
92,1,32,96.0
93,1,33,0.0
94,1,34,21.0
95,1,35,11.0
96,1,36,2.0
97,1,37,23.0
98,1,38,2.0
99,1,39,21.0
100,1,40,7.0
101,1,41,0.0
102,1,42,10.0
103,1,43,0.0
104,1,44,103.0
105,1,45,1.0
106,1,46,0.0
107,1,47,0.0
108,1,48,0.0
109,1,49,0.0
110,1,50,0.0
111,1,51,0.0
112,1,52,0.0
113,1,53,0.0
114,1,54,0.0
115,1,55,0.0
116,1,56,0.0
117,1,57,1.0
118,1,58,1.0
119,1,59,0.0
120,2,0,0.0
121,2,1,1876.0
122,2,2,0.0
123,2,3,12.0
124,2,4,2859.0
125,2,5,64.0
126,2,6,0.0
127,2,7,0.0
128,2,8,184.0
129,2,9,0.0
130,2,10,135.0
131,2,11,6.0
132,2,12,22.0
133,2,13,13.0
134,2,14,7.0
135,2,15,366.0
136,2,16,107.0
137,2,17,169.0
138,2,18,222.0
139,2,19,13.0
140,2,20,45.0
141,2,21,3.0
142,2,22,42.0
143,2,23,21.0
144,2,24,6.0
145,2,25,26.0
146,2,26,0.0
147,2,27,4.0
148,2,28,9.0
149,2,29,153.0
150,2,30,1.0
151,2,31,28.0
152,2,32,46.0
153,2,33,0.0
154,2,34,57.0
155,2,35,1.0
156,2,36,1.0
157,2,37,7.0
158,2,38,0.0
159,2,39,34.0
160,2,40,2.0
161,2,41,0.0
162,2,42,30.0
163,2,43,0.0
164,2,44,82.0
165,2,45,0.0
166,2,46,0.0
167,2,47,0.0
168,2,48,0.0
169,2,49,0.0
170,2,50,0.0
171,2,51,0.0
172,2,52,1.0
173,2,53,0.0
174,2,54,8.0
175,2,55,0.0
176,2,56,0.0
177,2,57,0.0
178,2,58,0.0
179,2,59,0.0
180,3,0,0.0
181,3,1,19.0
182,3,2,12.0
183,3,3,0.0
184,3,4,6.0
185,3,5,11.0
186,3,6,0.0
187,3,7,0.0
188,3,8,30.0
189,3,9,0.0
190,3,10,12.0
191,3,11,6.0
192,3,12,3.0
193,3,13,0.0
194,3,14,1.0
195,3,15,6.0
196,3,16,43.0
197,3,17,0.0
198,3,18,1.0
199,3,19,0.0
200,3,20,12.0
201,3,21,0.0
202,3,22,3.0
203,3,23,0.0
204,3,24,5.0
205,3,25,6.0
206,3,26,0.0
207,3,27,0.0
208,3,28,0.0
209,3,29,7.0
210,3,30,0.0
211,3,31,14.0
212,3,32,8.0
213,3,33,0.0
214,3,34,6.0
215,3,35,0.0
216,3,36,0.0
217,3,37,3.0
218,3,38,0.0
219,3,39,4.0
220,3,40,0.0
221,3,41,0.0
222,3,42,2.0
223,3,43,0.0
224,3,44,12.0
225,3,45,0.0
226,3,46,0.0
227,3,47,0.0
228,3,48,0.0
229,3,49,0.0
230,3,50,0.0
231,3,51,0.0
232,3,52,0.0
233,3,53,0.0
234,3,54,0.0
235,3,55,0.0
236,3,56,0.0
237,3,57,0.0
238,3,58,0.0
239,3,59,0.0
240,4,0,0.0
241,4,1,1317.0
242,4,2,2859.0
243,4,3,6.0
244,4,4,0.0
245,4,5,37.0
246,4,6,2.0
247,4,7,0.0
248,4,8,55.0
249,4,9,0.0
250,4,10,85.0
251,4,11,8.0
252,4,12,6.0
253,4,13,1.0
254,4,14,7.0
255,4,15,535.0
256,4,16,72.0
257,4,17,319.0
258,4,18,247.0
259,4,19,21.0
260,4,20,12.0
261,4,21,16.0
262,4,22,24.0
263,4,23,7.0
264,4,24,10.0
265,4,25,2.0
266,4,26,1.0
267,4,27,7.0
268,4,28,15.0
269,4,29,40.0
270,4,30,1.0
271,4,31,7.0
272,4,32,13.0
273,4,33,0.0
274,4,34,1.0
275,4,35,0.0
276,4,36,1.0
277,4,37,0.0
278,4,38,1.0
279,4,39,10.0
280,4,40,2.0
281,4,41,0.0
282,4,42,3.0
283,4,43,0.0
284,4,44,167.0
285,4,45,2.0
286,4,46,0.0
287,4,47,0.0
288,4,48,0.0
289,4,49,0.0
290,4,50,0.0
291,4,51,0.0
292,4,52,2.0
293,4,53,0.0
294,4,54,0.0
295,4,55,0.0
296,4,56,0.0
297,4,57,0.0
298,4,58,0.0
299,4,59,0.0
300,5,0,0.0
301,5,1,60.0
302,5,2,64.0
303,5,3,11.0
304,5,4,37.0
305,5,5,0.0
306,5,6,4.0
307,5,7,0.0
308,5,8,30.0
309,5,9,0.0
310,5,10,17.0
311,5,11,17.0
312,5,12,2.0
313,5,13,2.0
314,5,14,1.0
315,5,15,127.0
316,5,16,54.0
317,5,17,10.0
318,5,18,4.0
319,5,19,1.0
320,5,20,9.0
321,5,21,9.0
322,5,22,52.0
323,5,23,21.0
324,5,24,12.0
325,5,25,1.0
326,5,26,6.0
327,5,27,0.0
328,5,28,3.0
329,5,29,20.0
330,5,30,0.0
331,5,31,6.0
332,5,32,8.0
333,5,33,0.0
334,5,34,3.0
335,5,35,0.0
336,5,36,1.0
337,5,37,2.0
338,5,38,2.0
339,5,39,11.0
340,5,40,2.0
341,5,41,0.0
342,5,42,4.0
343,5,43,1.0
344,5,44,66.0
345,5,45,0.0
346,5,46,0.0
347,5,47,0.0
348,5,48,0.0
349,5,49,0.0
350,5,50,0.0
351,5,51,1.0
352,5,52,2.0
353,5,53,0.0
354,5,54,0.0
355,5,55,0.0
356,5,56,0.0
357,5,57,0.0
358,5,58,0.0
359,5,59,0.0
360,6,0,0.0
361,6,1,16.0
362,6,2,0.0
363,6,3,0.0
364,6,4,2.0
365,6,5,4.0
366,6,6,0.0
367,6,7,1.0
368,6,8,5.0
369,6,9,0.0
370,6,10,7.0
371,6,11,1.0
372,6,12,2.0
373,6,13,0.0
374,6,14,3.0
375,6,15,10.0
376,6,16,44.0
377,6,17,3.0
378,6,18,0.0
379,6,19,0.0
380,6,20,9.0
381,6,21,4.0
382,6,22,3.0
383,6,23,2.0
384,6,24,1.0
385,6,25,0.0
386,6,26,0.0
387,6,27,0.0
388,6,28,0.0
389,6,29,7.0
390,6,30,0.0
391,6,31,19.0
392,6,32,4.0
393,6,33,0.0
394,6,34,2.0
395,6,35,0.0
396,6,36,1.0
397,6,37,2.0
398,6,38,0.0
399,6,39,2.0
400,6,40,0.0
401,6,41,0.0
402,6,42,1.0
403,6,43,0.0
404,6,44,31.0
405,6,45,0.0
406,6,46,0.0
407,6,47,0.0
408,6,48,0.0
409,6,49,0.0
410,6,50,0.0
411,6,51,0.0
412,6,52,0.0
413,6,53,0.0
414,6,54,0.0
415,6,55,0.0
416,6,56,0.0
417,6,57,0.0
418,6,58,0.0
419,6,59,0.0
420,7,0,0.0
421,7,1,4.0
422,7,2,0.0
423,7,3,0.0
424,7,4,0.0
425,7,5,0.0
426,7,6,1.0
427,7,7,0.0
428,7,8,1.0
429,7,9,0.0
430,7,10,65.0
431,7,11,0.0
432,7,12,1.0
433,7,13,0.0
434,7,14,0.0
435,7,15,7.0
436,7,16,1.0
437,7,17,0.0
438,7,18,0.0
439,7,19,0.0
440,7,20,13.0
441,7,21,1.0
442,7,22,0.0
443,7,23,0.0
444,7,24,0.0
445,7,25,0.0
446,7,26,0.0
447,7,27,1.0
448,7,28,2.0
449,7,29,0.0
450,7,30,0.0
451,7,31,0.0
452,7,32,3.0
453,7,33,0.0
454,7,34,0.0
455,7,35,0.0
456,7,36,0.0
457,7,37,0.0
458,7,38,0.0
459,7,39,0.0
460,7,40,0.0
461,7,41,0.0
462,7,42,0.0
463,7,43,0.0
464,7,44,5.0
465,7,45,0.0
466,7,46,0.0
467,7,47,0.0
468,7,48,0.0
469,7,49,0.0
470,7,50,0.0
471,7,51,0.0
472,7,52,0.0
473,7,53,0.0
474,7,54,0.0
475,7,55,0.0
476,7,56,0.0
477,7,57,0.0
478,7,58,0.0
479,7,59,0.0
480,8,0,0.0
481,8,1,113.0
482,8,2,184.0
483,8,3,30.0
484,8,4,55.0
485,8,5,30.0
486,8,6,5.0
487,8,7,1.0
488,8,8,0.0
489,8,9,0.0
490,8,10,41.0
491,8,11,15.0
492,8,12,4.0
493,8,13,10.0
494,8,14,3.0
495,8,15,159.0
496,8,16,74.0
497,8,17,7.0
498,8,18,4.0
499,8,19,2.0
500,8,20,18.0
501,8,21,9.0
502,8,22,28.0
503,8,23,30.0
504,8,24,4.0
505,8,25,4.0
506,8,26,5.0
507,8,27,4.0
508,8,28,4.0
509,8,29,58.0
510,8,30,0.0
511,8,31,10.0
512,8,32,7.0
513,8,33,1.0
514,8,34,0.0
515,8,35,0.0
516,8,36,0.0
517,8,37,1.0
518,8,38,0.0
519,8,39,8.0
520,8,40,2.0
521,8,41,0.0
522,8,42,59.0
523,8,43,7.0
524,8,44,285.0
525,8,45,4.0
526,8,46,0.0
527,8,47,0.0
528,8,48,0.0
529,8,49,0.0
530,8,50,0.0
531,8,51,1.0
532,8,52,0.0
533,8,53,0.0
534,8,54,0.0
535,8,55,0.0
536,8,56,0.0
537,8,57,2.0
538,8,58,0.0
539,8,59,0.0
540,9,0,0.0
541,9,1,0.0
542,9,2,0.0
543,9,3,0.0
544,9,4,0.0
545,9,5,0.0
546,9,6,0.0
547,9,7,0.0
548,9,8,0.0
549,9,9,0.0
550,9,10,0.0
551,9,11,1.0
552,9,12,0.0
553,9,13,0.0
554,9,14,0.0
555,9,15,0.0
556,9,16,0.0
557,9,17,0.0
558,9,18,0.0
559,9,19,0.0
560,9,20,0.0
561,9,21,0.0
562,9,22,0.0
563,9,23,0.0
564,9,24,0.0
565,9,25,0.0
566,9,26,0.0
567,9,27,0.0
568,9,28,0.0
569,9,29,0.0
570,9,30,0.0
571,9,31,0.0
572,9,32,0.0
573,9,33,0.0
574,9,34,0.0
575,9,35,0.0
576,9,36,0.0
577,9,37,0.0
578,9,38,0.0
579,9,39,0.0
580,9,40,0.0
581,9,41,0.0
582,9,42,0.0
583,9,43,0.0
584,9,44,0.0
585,9,45,0.0
586,9,46,0.0
587,9,47,0.0
588,9,48,0.0
589,9,49,0.0
590,9,50,0.0
591,9,51,0.0
592,9,52,0.0
593,9,53,0.0
594,9,54,0.0
595,9,55,0.0
596,9,56,0.0
597,9,57,0.0
598,9,58,0.0
599,9,59,0.0
600,10,0,0.0
601,10,1,128.0
602,10,2,135.0
603,10,3,12.0
604,10,4,85.0
605,10,5,17.0
606,10,6,7.0
607,10,7,65.0
608,10,8,41.0
609,10,9,0.0
610,10,10,0.0
611,10,11,7.0
612,10,12,2.0
613,10,13,1.0
614,10,14,7.0
615,10,15,100.0
616,10,16,118.0
617,10,17,8.0
618,10,18,8.0
619,10,19,4.0
620,10,20,67.0
621,10,21,1.0
622,10,22,9.0
623,10,23,37.0
624,10,24,9.0
625,10,25,2.0
626,10,26,0.0
627,10,27,4.0
628,10,28,2.0
629,10,29,41.0
630,10,30,0.0
631,10,31,29.0
632,10,32,13.0
633,10,33,1.0
634,10,34,2.0
635,10,35,1.0
636,10,36,9.0
637,10,37,1.0
638,10,38,1.0
639,10,39,5.0
640,10,40,0.0
641,10,41,0.0
642,10,42,10.0
643,10,43,1.0
644,10,44,89.0
645,10,45,1.0
646,10,46,0.0
647,10,47,0.0
648,10,48,0.0
649,10,49,0.0
650,10,50,0.0
651,10,51,0.0
652,10,52,0.0
653,10,53,0.0
654,10,54,0.0
655,10,55,0.0
656,10,56,0.0
657,10,57,0.0
658,10,58,0.0
659,10,59,0.0
660,11,0,0.0
661,11,1,37.0
662,11,2,6.0
663,11,3,6.0
664,11,4,8.0
665,11,5,17.0
666,11,6,1.0
667,11,7,0.0
668,11,8,15.0
669,11,9,1.0
670,11,10,7.0
671,11,11,0.0
672,11,12,0.0
673,11,13,0.0
674,11,14,23.0
675,11,15,19.0
676,11,16,51.0
677,11,17,0.0
678,11,18,1.0
679,11,19,1.0
680,11,20,9.0
681,11,21,3.0
682,11,22,8.0
683,11,23,29.0
684,11,24,7.0
685,11,25,0.0
686,11,26,0.0
687,11,27,1.0
688,11,28,4.0
689,11,29,4.0
690,11,30,0.0
691,11,31,5.0
692,11,32,12.0
693,11,33,0.0
694,11,34,0.0
695,11,35,0.0
696,11,36,0.0
697,11,37,2.0
698,11,38,1.0
699,11,39,0.0
700,11,40,0.0
701,11,41,0.0
702,11,42,6.0
703,11,43,3.0
704,11,44,57.0
705,11,45,0.0
706,11,46,0.0
707,11,47,0.0
708,11,48,0.0
709,11,49,0.0
710,11,50,0.0
711,11,51,0.0
712,11,52,0.0
713,11,53,0.0
714,11,54,1.0
715,11,55,0.0
716,11,56,0.0
717,11,57,0.0
718,11,58,0.0
719,11,59,0.0
720,12,0,0.0
721,12,1,26.0
722,12,2,22.0
723,12,3,3.0
724,12,4,6.0
725,12,5,2.0
726,12,6,2.0
727,12,7,1.0
728,12,8,4.0
729,12,9,0.0
730,12,10,2.0
731,12,11,0.0
732,12,12,0.0
733,12,13,0.0
734,12,14,0.0
735,12,15,0.0
736,12,16,38.0
737,12,17,0.0
738,12,18,0.0
739,12,19,0.0
740,12,20,0.0
741,12,21,0.0
742,12,22,2.0
743,12,23,0.0
744,12,24,0.0
745,12,25,0.0
746,12,26,0.0
747,12,27,0.0
748,12,28,0.0
749,12,29,2.0
750,12,30,0.0
751,12,31,10.0
752,12,32,0.0
753,12,33,0.0
754,12,34,2.0
755,12,35,0.0
756,12,36,0.0
757,12,37,1.0
758,12,38,1.0
759,12,39,0.0
760,12,40,0.0
761,12,41,0.0
762,12,42,0.0
763,12,43,0.0
764,12,44,13.0
765,12,45,0.0
766,12,46,0.0
767,12,47,0.0
768,12,48,0.0
769,12,49,0.0
770,12,50,0.0
771,12,51,0.0
772,12,52,0.0
773,12,53,0.0
774,12,54,0.0
775,12,55,0.0
776,12,56,0.0
777,12,57,0.0
778,12,58,0.0
779,12,59,0.0
780,13,0,0.0
781,13,1,34.0
782,13,2,13.0
783,13,3,0.0
784,13,4,1.0
785,13,5,2.0
786,13,6,0.0
787,13,7,0.0
788,13,8,10.0
789,13,9,0.0
790,13,10,1.0
791,13,11,0.0
792,13,12,0.0
793,13,13,0.0
794,13,14,1.0
795,13,15,8.0
796,13,16,73.0
797,13,17,0.0
798,13,18,6.0
799,13,19,0.0
800,13,20,3.0
801,13,21,2.0
802,13,22,2.0
803,13,23,2.0
804,13,24,0.0
805,13,25,3.0
806,13,26,0.0
807,13,27,0.0
808,13,28,0.0
809,13,29,9.0
810,13,30,0.0
811,13,31,14.0
812,13,32,1.0
813,13,33,0.0
814,13,34,0.0
815,13,35,0.0
816,13,36,0.0
817,13,37,1.0
818,13,38,0.0
819,13,39,0.0
820,13,40,0.0
821,13,41,0.0
822,13,42,3.0
823,13,43,0.0
824,13,44,2.0
825,13,45,0.0
826,13,46,0.0
827,13,47,0.0
828,13,48,0.0
829,13,49,0.0
830,13,50,0.0
831,13,51,0.0
832,13,52,0.0
833,13,53,0.0
834,13,54,0.0
835,13,55,0.0
836,13,56,0.0
837,13,57,0.0
838,13,58,0.0
839,13,59,0.0
840,14,0,0.0
841,14,1,37.0
842,14,2,7.0
843,14,3,1.0
844,14,4,7.0
845,14,5,1.0
846,14,6,3.0
847,14,7,0.0
848,14,8,3.0
849,14,9,0.0
850,14,10,7.0
851,14,11,23.0
852,14,12,0.0
853,14,13,1.0
854,14,14,0.0
855,14,15,29.0
856,14,16,47.0
857,14,17,0.0
858,14,18,1.0
859,14,19,1.0
860,14,20,7.0
861,14,21,1.0
862,14,22,4.0
863,14,23,51.0
864,14,24,19.0
865,14,25,1.0
866,14,26,0.0
867,14,27,1.0
868,14,28,2.0
869,14,29,4.0
870,14,30,0.0
871,14,31,5.0
872,14,32,8.0
873,14,33,0.0
874,14,34,2.0
875,14,35,1.0
876,14,36,1.0
877,14,37,2.0
878,14,38,5.0
879,14,39,2.0
880,14,40,4.0
881,14,41,0.0
882,14,42,1.0
883,14,43,0.0
884,14,44,12.0
885,14,45,0.0
886,14,46,0.0
887,14,47,0.0
888,14,48,0.0
889,14,49,0.0
890,14,50,0.0
891,14,51,0.0
892,14,52,0.0
893,14,53,0.0
894,14,54,0.0
895,14,55,0.0
896,14,56,0.0
897,14,57,0.0
898,14,58,0.0
899,14,59,0.0
900,15,0,2.0
901,15,1,181.0
902,15,2,366.0
903,15,3,6.0
904,15,4,535.0
905,15,5,127.0
906,15,6,10.0
907,15,7,7.0
908,15,8,159.0
909,15,9,0.0
910,15,10,100.0
911,15,11,19.0
912,15,12,0.0
913,15,13,8.0
914,15,14,29.0
915,15,15,0.0
916,15,16,56.0
917,15,17,143.0
918,15,18,78.0
919,15,19,133.0
920,15,20,31.0
921,15,21,88.0
922,15,22,278.0
923,15,23,61.0
924,15,24,63.0
925,15,25,4.0
926,15,26,12.0
927,15,27,102.0
928,15,28,143.0
929,15,29,152.0
930,15,30,0.0
931,15,31,26.0
932,15,32,11.0
933,15,33,2.0
934,15,34,1.0
935,15,35,2.0
936,15,36,7.0
937,15,37,7.0
938,15,38,35.0
939,15,39,17.0
940,15,40,41.0
941,15,41,4.0
942,15,42,5.0
943,15,43,41.0
944,15,44,509.0
945,15,45,3.0
946,15,46,0.0
947,15,47,3.0
948,15,48,0.0
949,15,49,1.0
950,15,50,0.0
951,15,51,28.0
952,15,52,7.0
953,15,53,3.0
954,15,54,0.0
955,15,55,0.0
956,15,56,3.0
957,15,57,0.0
958,15,58,0.0
959,15,59,3.0
960,16,0,18.0
961,16,1,426.0
962,16,2,107.0
963,16,3,43.0
964,16,4,72.0
965,16,5,54.0
966,16,6,44.0
967,16,7,1.0
968,16,8,74.0
969,16,9,0.0
970,16,10,118.0
971,16,11,51.0
972,16,12,38.0
973,16,13,73.0
974,16,14,47.0
975,16,15,56.0
976,16,16,0.0
977,16,17,11.0
978,16,18,12.0
979,16,19,2.0
980,16,20,344.0
981,16,21,9.0
982,16,22,65.0
983,16,23,89.0
984,16,24,30.0
985,16,25,323.0
986,16,26,1.0
987,16,27,0.0
988,16,28,2.0
989,16,29,235.0
990,16,30,0.0
991,16,31,591.0
992,16,32,62.0
993,16,33,4.0
994,16,34,143.0
995,16,35,9.0
996,16,36,22.0
997,16,37,110.0
998,16,38,0.0
999,16,39,22.0
1000,16,40,11.0
1001,16,41,0.0
1002,16,42,16.0
1003,16,43,2.0
1004,16,44,143.0
1005,16,45,2.0
1006,16,46,0.0
1007,16,47,1.0
1008,16,48,1.0
1009,16,49,0.0
1010,16,50,1.0
1011,16,51,0.0
1012,16,52,0.0
1013,16,53,0.0
1014,16,54,0.0
1015,16,55,0.0
1016,16,56,0.0
1017,16,57,0.0
1018,16,58,0.0
1019,16,59,0.0
1020,17,0,0.0
1021,17,1,87.0
1022,17,2,169.0
1023,17,3,0.0
1024,17,4,319.0
1025,17,5,10.0
1026,17,6,3.0
1027,17,7,0.0
1028,17,8,7.0
1029,17,9,0.0
1030,17,10,8.0
1031,17,11,0.0
1032,17,12,0.0
1033,17,13,0.0
1034,17,14,0.0
1035,17,15,143.0
1036,17,16,11.0
1037,17,17,0.0
1038,17,18,9.0
1039,17,19,2.0
1040,17,20,4.0
1041,17,21,1.0
1042,17,22,13.0
1043,17,23,5.0
1044,17,24,6.0
1045,17,25,2.0
1046,17,26,0.0
1047,17,27,0.0
1048,17,28,3.0
1049,17,29,1.0
1050,17,30,0.0
1051,17,31,5.0
1052,17,32,4.0
1053,17,33,0.0
1054,17,34,1.0
1055,17,35,0.0
1056,17,36,0.0
1057,17,37,1.0
1058,17,38,0.0
1059,17,39,0.0
1060,17,40,2.0
1061,17,41,0.0
1062,17,42,0.0
1063,17,43,0.0
1064,17,44,44.0
1065,17,45,0.0
1066,17,46,0.0
1067,17,47,0.0
1068,17,48,0.0
1069,17,49,0.0
1070,17,50,0.0
1071,17,51,0.0
1072,17,52,0.0
1073,17,53,0.0
1074,17,54,0.0
1075,17,55,0.0
1076,17,56,0.0
1077,17,57,0.0
1078,17,58,0.0
1079,17,59,0.0
1080,18,0,0.0
1081,18,1,71.0
1082,18,2,222.0
1083,18,3,1.0
1084,18,4,247.0
1085,18,5,4.0
1086,18,6,0.0
1087,18,7,0.0
1088,18,8,4.0
1089,18,9,0.0
1090,18,10,8.0
1091,18,11,1.0
1092,18,12,0.0
1093,18,13,6.0
1094,18,14,1.0
1095,18,15,78.0
1096,18,16,12.0
1097,18,17,9.0
1098,18,18,0.0
1099,18,19,4.0
1100,18,20,1.0
1101,18,21,1.0
1102,18,22,4.0
1103,18,23,1.0
1104,18,24,2.0
1105,18,25,0.0
1106,18,26,1.0
1107,18,27,0.0
1108,18,28,1.0
1109,18,29,1.0
1110,18,30,0.0
1111,18,31,1.0
1112,18,32,6.0
1113,18,33,0.0
1114,18,34,0.0
1115,18,35,0.0
1116,18,36,1.0
1117,18,37,0.0
1118,18,38,0.0
1119,18,39,0.0
1120,18,40,1.0
1121,18,41,0.0
1122,18,42,0.0
1123,18,43,0.0
1124,18,44,18.0
1125,18,45,0.0
1126,18,46,0.0
1127,18,47,0.0
1128,18,48,0.0
1129,18,49,0.0
1130,18,50,0.0
1131,18,51,0.0
1132,18,52,0.0
1133,18,53,0.0
1134,18,54,0.0
1135,18,55,0.0
1136,18,56,0.0
1137,18,57,0.0
1138,18,58,0.0
1139,18,59,0.0
1140,19,0,0.0
1141,19,1,3.0
1142,19,2,13.0
1143,19,3,0.0
1144,19,4,21.0
1145,19,5,1.0
1146,19,6,0.0
1147,19,7,0.0
1148,19,8,2.0
1149,19,9,0.0
1150,19,10,4.0
1151,19,11,1.0
1152,19,12,0.0
1153,19,13,0.0
1154,19,14,1.0
1155,19,15,133.0
1156,19,16,2.0
1157,19,17,2.0
1158,19,18,4.0
1159,19,19,0.0
1160,19,20,0.0
1161,19,21,8.0
1162,19,22,0.0
1163,19,23,1.0
1164,19,24,0.0
1165,19,25,0.0
1166,19,26,0.0
1167,19,27,2.0
1168,19,28,3.0
1169,19,29,0.0
1170,19,30,0.0
1171,19,31,0.0
1172,19,32,0.0
1173,19,33,0.0
1174,19,34,0.0
1175,19,35,0.0
1176,19,36,0.0
1177,19,37,0.0
1178,19,38,0.0
1179,19,39,0.0
1180,19,40,0.0
1181,19,41,0.0
1182,19,42,0.0
1183,19,43,0.0
1184,19,44,4.0
1185,19,45,0.0
1186,19,46,0.0
1187,19,47,0.0
1188,19,48,0.0
1189,19,49,0.0
1190,19,50,0.0
1191,19,51,0.0
1192,19,52,0.0
1193,19,53,0.0
1194,19,54,0.0
1195,19,55,0.0
1196,19,56,0.0
1197,19,57,0.0
1198,19,58,0.0
1199,19,59,0.0
1200,20,0,2.0
1201,20,1,52.0
1202,20,2,45.0
1203,20,3,12.0
1204,20,4,12.0
1205,20,5,9.0
1206,20,6,9.0
1207,20,7,13.0
1208,20,8,18.0
1209,20,9,0.0
1210,20,10,67.0
1211,20,11,9.0
1212,20,12,0.0
1213,20,13,3.0
1214,20,14,7.0
1215,20,15,31.0
1216,20,16,344.0
1217,20,17,4.0
1218,20,18,1.0
1219,20,19,0.0
1220,20,20,0.0
1221,20,21,11.0
1222,20,22,28.0
1223,20,23,40.0
1224,20,24,8.0
1225,20,25,7.0
1226,20,26,0.0
1227,20,27,0.0
1228,20,28,3.0
1229,20,29,37.0
1230,20,30,0.0
1231,20,31,89.0
1232,20,32,23.0
1233,20,33,0.0
1234,20,34,14.0
1235,20,35,0.0
1236,20,36,7.0
1237,20,37,13.0
1238,20,38,2.0
1239,20,39,1.0
1240,20,40,0.0
1241,20,41,0.0
1242,20,42,2.0
1243,20,43,2.0
1244,20,44,21.0
1245,20,45,1.0
1246,20,46,0.0
1247,20,47,0.0
1248,20,48,0.0
1249,20,49,0.0
1250,20,50,0.0
1251,20,51,7.0
1252,20,52,1.0
1253,20,53,0.0
1254,20,54,0.0
1255,20,55,0.0
1256,20,56,0.0
1257,20,57,0.0
1258,20,58,0.0
1259,20,59,0.0
1260,21,0,1.0
1261,21,1,5.0
1262,21,2,3.0
1263,21,3,0.0
1264,21,4,16.0
1265,21,5,9.0
1266,21,6,4.0
1267,21,7,1.0
1268,21,8,9.0
1269,21,9,0.0
1270,21,10,1.0
1271,21,11,3.0
1272,21,12,0.0
1273,21,13,2.0
1274,21,14,1.0
1275,21,15,88.0
1276,21,16,9.0
1277,21,17,1.0
1278,21,18,1.0
1279,21,19,8.0
1280,21,20,11.0
1281,21,21,0.0
1282,21,22,26.0
1283,21,23,10.0
1284,21,24,7.0
1285,21,25,1.0
1286,21,26,1.0
1287,21,27,0.0
1288,21,28,10.0
1289,21,29,18.0
1290,21,30,0.0
1291,21,31,19.0
1292,21,32,1.0
1293,21,33,0.0
1294,21,34,0.0
1295,21,35,0.0
1296,21,36,2.0
1297,21,37,2.0
1298,21,38,2.0
1299,21,39,3.0
1300,21,40,3.0
1301,21,41,0.0
1302,21,42,0.0
1303,21,43,0.0
1304,21,44,29.0
1305,21,45,0.0
1306,21,46,0.0
1307,21,47,3.0
1308,21,48,0.0
1309,21,49,0.0
1310,21,50,0.0
1311,21,51,0.0
1312,21,52,0.0
1313,21,53,0.0
1314,21,54,0.0
1315,21,55,0.0
1316,21,56,0.0
1317,21,57,0.0
1318,21,58,0.0
1319,21,59,0.0
1320,22,0,1.0
1321,22,1,41.0
1322,22,2,42.0
1323,22,3,3.0
1324,22,4,24.0
1325,22,5,52.0
1326,22,6,3.0
1327,22,7,0.0
1328,22,8,28.0
1329,22,9,0.0
1330,22,10,9.0
1331,22,11,8.0
1332,22,12,2.0
1333,22,13,2.0
1334,22,14,4.0
1335,22,15,278.0
1336,22,16,65.0
1337,22,17,13.0
1338,22,18,4.0
1339,22,19,0.0
1340,22,20,28.0
1341,22,21,26.0
1342,22,22,0.0
1343,22,23,42.0
1344,22,24,5.0
1345,22,25,4.0
1346,22,26,3.0
1347,22,27,5.0
1348,22,28,8.0
1349,22,29,19.0
1350,22,30,0.0
1351,22,31,10.0
1352,22,32,2.0
1353,22,33,1.0
1354,22,34,0.0
1355,22,35,0.0
1356,22,36,8.0
1357,22,37,4.0
1358,22,38,3.0
1359,22,39,14.0
1360,22,40,2.0
1361,22,41,0.0
1362,22,42,7.0
1363,22,43,1.0
1364,22,44,85.0
1365,22,45,0.0
1366,22,46,0.0
1367,22,47,4.0
1368,22,48,0.0
1369,22,49,0.0
1370,22,50,0.0
1371,22,51,1.0
1372,22,52,4.0
1373,22,53,0.0
1374,22,54,0.0
1375,22,55,1.0
1376,22,56,0.0
1377,22,57,0.0
1378,22,58,0.0
1379,22,59,0.0
1380,23,0,0.0
1381,23,1,82.0
1382,23,2,21.0
1383,23,3,0.0
1384,23,4,7.0
1385,23,5,21.0
1386,23,6,2.0
1387,23,7,0.0
1388,23,8,30.0
1389,23,9,0.0
1390,23,10,37.0
1391,23,11,29.0
1392,23,12,0.0
1393,23,13,2.0
1394,23,14,51.0
1395,23,15,61.0
1396,23,16,89.0
1397,23,17,5.0
1398,23,18,1.0
1399,23,19,1.0
1400,23,20,40.0
1401,23,21,10.0
1402,23,22,42.0
1403,23,23,0.0
1404,23,24,34.0
1405,23,25,0.0
1406,23,26,0.0
1407,23,27,0.0
1408,23,28,2.0
1409,23,29,6.0
1410,23,30,0.0
1411,23,31,3.0
1412,23,32,22.0
1413,23,33,0.0
1414,23,34,0.0
1415,23,35,0.0
1416,23,36,0.0
1417,23,37,0.0
1418,23,38,6.0
1419,23,39,2.0
1420,23,40,1.0
1421,23,41,0.0
1422,23,42,4.0
1423,23,43,4.0
1424,23,44,49.0
1425,23,45,2.0
1426,23,46,0.0
1427,23,47,0.0
1428,23,48,0.0
1429,23,49,0.0
1430,23,50,0.0
1431,23,51,2.0
1432,23,52,0.0
1433,23,53,0.0
1434,23,54,0.0
1435,23,55,0.0
1436,23,56,1.0
1437,23,57,0.0
1438,23,58,0.0
1439,23,59,0.0
1440,24,0,0.0
1441,24,1,28.0
1442,24,2,6.0
1443,24,3,5.0
1444,24,4,10.0
1445,24,5,12.0
1446,24,6,1.0
1447,24,7,0.0
1448,24,8,4.0
1449,24,9,0.0
1450,24,10,9.0
1451,24,11,7.0
1452,24,12,0.0
1453,24,13,0.0
1454,24,14,19.0
1455,24,15,63.0
1456,24,16,30.0
1457,24,17,6.0
1458,24,18,2.0
1459,24,19,0.0
1460,24,20,8.0
1461,24,21,7.0
1462,24,22,5.0
1463,24,23,34.0
1464,24,24,0.0
1465,24,25,0.0
1466,24,26,0.0
1467,24,27,1.0
1468,24,28,3.0
1469,24,29,1.0
1470,24,30,0.0
1471,24,31,1.0
1472,24,32,3.0
1473,24,33,0.0
1474,24,34,0.0
1475,24,35,0.0
1476,24,36,1.0
1477,24,37,0.0
1478,24,38,2.0
1479,24,39,0.0
1480,24,40,0.0
1481,24,41,0.0
1482,24,42,1.0
1483,24,43,2.0
1484,24,44,18.0
1485,24,45,0.0
1486,24,46,0.0
1487,24,47,2.0
1488,24,48,0.0
1489,24,49,0.0
1490,24,50,0.0
1491,24,51,0.0
1492,24,52,1.0
1493,24,53,0.0
1494,24,54,0.0
1495,24,55,0.0
1496,24,56,0.0
1497,24,57,0.0
1498,24,58,0.0
1499,24,59,0.0
1500,25,0,0.0
1501,25,1,12.0
1502,25,2,26.0
1503,25,3,6.0
1504,25,4,2.0
1505,25,5,1.0
1506,25,6,0.0
1507,25,7,0.0
1508,25,8,4.0
1509,25,9,0.0
1510,25,10,2.0
1511,25,11,0.0
1512,25,12,0.0
1513,25,13,3.0
1514,25,14,1.0
1515,25,15,4.0
1516,25,16,323.0
1517,25,17,2.0
1518,25,18,0.0
1519,25,19,0.0
1520,25,20,7.0
1521,25,21,1.0
1522,25,22,4.0
1523,25,23,0.0
1524,25,24,0.0
1525,25,25,0.0
1526,25,26,0.0
1527,25,27,0.0
1528,25,28,0.0
1529,25,29,1.0
1530,25,30,0.0
1531,25,31,401.0
1532,25,32,5.0
1533,25,33,0.0
1534,25,34,1.0
1535,25,35,0.0
1536,25,36,1.0
1537,25,37,12.0
1538,25,38,0.0
1539,25,39,0.0
1540,25,40,0.0
1541,25,41,0.0
1542,25,42,2.0
1543,25,43,0.0
1544,25,44,6.0
1545,25,45,0.0
1546,25,46,0.0
1547,25,47,0.0
1548,25,48,0.0
1549,25,49,3.0
1550,25,50,0.0
1551,25,51,0.0
1552,25,52,0.0
1553,25,53,0.0
1554,25,54,0.0
1555,25,55,0.0
1556,25,56,0.0
1557,25,57,0.0
1558,25,58,0.0
1559,25,59,0.0
1560,26,0,0.0
1561,26,1,14.0
1562,26,2,0.0
1563,26,3,0.0
1564,26,4,1.0
1565,26,5,6.0
1566,26,6,0.0
1567,26,7,0.0
1568,26,8,5.0
1569,26,9,0.0
1570,26,10,0.0
1571,26,11,0.0
1572,26,12,0.0
1573,26,13,0.0
1574,26,14,0.0
1575,26,15,12.0
1576,26,16,1.0
1577,26,17,0.0
1578,26,18,1.0
1579,26,19,0.0
1580,26,20,0.0
1581,26,21,1.0
1582,26,22,3.0
1583,26,23,0.0
1584,26,24,0.0
1585,26,25,0.0
1586,26,26,0.0
1587,26,27,0.0
1588,26,28,1.0
1589,26,29,1.0
1590,26,30,0.0
1591,26,31,4.0
1592,26,32,2.0
1593,26,33,0.0
1594,26,34,0.0
1595,26,35,0.0
1596,26,36,0.0
1597,26,37,0.0
1598,26,38,0.0
1599,26,39,1.0
1600,26,40,0.0
1601,26,41,0.0
1602,26,42,0.0
1603,26,43,0.0
1604,26,44,9.0
1605,26,45,0.0
1606,26,46,0.0
1607,26,47,0.0
1608,26,48,0.0
1609,26,49,0.0
1610,26,50,0.0
1611,26,51,0.0
1612,26,52,0.0
1613,26,53,0.0
1614,26,54,0.0
1615,26,55,0.0
1616,26,56,0.0
1617,26,57,0.0
1618,26,58,0.0
1619,26,59,0.0
1620,27,0,0.0
1621,27,1,1.0
1622,27,2,4.0
1623,27,3,0.0
1624,27,4,7.0
1625,27,5,0.0
1626,27,6,0.0
1627,27,7,1.0
1628,27,8,4.0
1629,27,9,0.0
1630,27,10,4.0
1631,27,11,1.0
1632,27,12,0.0
1633,27,13,0.0
1634,27,14,1.0
1635,27,15,102.0
1636,27,16,0.0
1637,27,17,0.0
1638,27,18,0.0
1639,27,19,2.0
1640,27,20,0.0
1641,27,21,0.0
1642,27,22,5.0
1643,27,23,0.0
1644,27,24,1.0
1645,27,25,0.0
1646,27,26,0.0
1647,27,27,0.0
1648,27,28,13.0
1649,27,29,5.0
1650,27,30,0.0
1651,27,31,2.0
1652,27,32,0.0
1653,27,33,0.0
1654,27,34,0.0
1655,27,35,0.0
1656,27,36,0.0
1657,27,37,0.0
1658,27,38,0.0
1659,27,39,0.0
1660,27,40,0.0
1661,27,41,0.0
1662,27,42,0.0
1663,27,43,0.0
1664,27,44,7.0
1665,27,45,0.0
1666,27,46,0.0
1667,27,47,0.0
1668,27,48,0.0
1669,27,49,0.0
1670,27,50,0.0
1671,27,51,0.0
1672,27,52,0.0
1673,27,53,0.0
1674,27,54,0.0
1675,27,55,0.0
1676,27,56,0.0
1677,27,57,0.0
1678,27,58,0.0
1679,27,59,0.0
1680,28,0,0.0
1681,28,1,9.0
1682,28,2,9.0
1683,28,3,0.0
1684,28,4,15.0
1685,28,5,3.0
1686,28,6,0.0
1687,28,7,2.0
1688,28,8,4.0
1689,28,9,0.0
1690,28,10,2.0
1691,28,11,4.0
1692,28,12,0.0
1693,28,13,0.0
1694,28,14,2.0
1695,28,15,143.0
1696,28,16,2.0
1697,28,17,3.0
1698,28,18,1.0
1699,28,19,3.0
1700,28,20,3.0
1701,28,21,10.0
1702,28,22,8.0
1703,28,23,2.0
1704,28,24,3.0
1705,28,25,0.0
1706,28,26,1.0
1707,28,27,13.0
1708,28,28,0.0
1709,28,29,11.0
1710,28,30,0.0
1711,28,31,2.0
1712,28,32,3.0
1713,28,33,0.0
1714,28,34,0.0
1715,28,35,1.0
1716,28,36,0.0
1717,28,37,1.0
1718,28,38,0.0
1719,28,39,0.0
1720,28,40,3.0
1721,28,41,0.0
1722,28,42,0.0
1723,28,43,0.0
1724,28,44,11.0
1725,28,45,0.0
1726,28,46,0.0
1727,28,47,0.0
1728,28,48,0.0
1729,28,49,0.0
1730,28,50,0.0
1731,28,51,1.0
1732,28,52,0.0
1733,28,53,0.0
1734,28,54,0.0
1735,28,55,0.0
1736,28,56,0.0
1737,28,57,0.0
1738,28,58,0.0
1739,28,59,0.0
1740,29,0,0.0
1741,29,1,88.0
1742,29,2,153.0
1743,29,3,7.0
1744,29,4,40.0
1745,29,5,20.0
1746,29,6,7.0
1747,29,7,0.0
1748,29,8,58.0
1749,29,9,0.0
1750,29,10,41.0
1751,29,11,4.0
1752,29,12,2.0
1753,29,13,9.0
1754,29,14,4.0
1755,29,15,152.0
1756,29,16,235.0
1757,29,17,1.0
1758,29,18,1.0
1759,29,19,0.0
1760,29,20,37.0
1761,29,21,18.0
1762,29,22,19.0
1763,29,23,6.0
1764,29,24,1.0
1765,29,25,1.0
1766,29,26,1.0
1767,29,27,5.0
1768,29,28,11.0
1769,29,29,0.0
1770,29,30,0.0
1771,29,31,38.0
1772,29,32,26.0
1773,29,33,0.0
1774,29,34,7.0
1775,29,35,0.0
1776,29,36,10.0
1777,29,37,20.0
1778,29,38,1.0
1779,29,39,9.0
1780,29,40,2.0
1781,29,41,0.0
1782,29,42,6.0
1783,29,43,5.0
1784,29,44,62.0
1785,29,45,3.0
1786,29,46,0.0
1787,29,47,1.0
1788,29,48,0.0
1789,29,49,0.0
1790,29,50,0.0
1791,29,51,1.0
1792,29,52,0.0
1793,29,53,0.0
1794,29,54,0.0
1795,29,55,0.0
1796,29,56,0.0
1797,29,57,0.0
1798,29,58,0.0
1799,29,59,0.0
1800,30,0,0.0
1801,30,1,0.0
1802,30,2,1.0
1803,30,3,0.0
1804,30,4,1.0
1805,30,5,0.0
1806,30,6,0.0
1807,30,7,0.0
1808,30,8,0.0
1809,30,9,0.0
1810,30,10,0.0
1811,30,11,0.0
1812,30,12,0.0
1813,30,13,0.0
1814,30,14,0.0
1815,30,15,0.0
1816,30,16,0.0
1817,30,17,0.0
1818,30,18,0.0
1819,30,19,0.0
1820,30,20,0.0
1821,30,21,0.0
1822,30,22,0.0
1823,30,23,0.0
1824,30,24,0.0
1825,30,25,0.0
1826,30,26,0.0
1827,30,27,0.0
1828,30,28,0.0
1829,30,29,0.0
1830,30,30,0.0
1831,30,31,0.0
1832,30,32,0.0
1833,30,33,0.0
1834,30,34,0.0
1835,30,35,0.0
1836,30,36,0.0
1837,30,37,0.0
1838,30,38,0.0
1839,30,39,0.0
1840,30,40,0.0
1841,30,41,0.0
1842,30,42,0.0
1843,30,43,0.0
1844,30,44,0.0
1845,30,45,0.0
1846,30,46,0.0
1847,30,47,0.0
1848,30,48,0.0
1849,30,49,0.0
1850,30,50,0.0
1851,30,51,0.0
1852,30,52,0.0
1853,30,53,0.0
1854,30,54,0.0
1855,30,55,0.0
1856,30,56,0.0
1857,30,57,0.0
1858,30,58,0.0
1859,30,59,0.0
1860,31,0,2.0
1861,31,1,85.0
1862,31,2,28.0
1863,31,3,14.0
1864,31,4,7.0
1865,31,5,6.0
1866,31,6,19.0
1867,31,7,0.0
1868,31,8,10.0
1869,31,9,0.0
1870,31,10,29.0
1871,31,11,5.0
1872,31,12,10.0
1873,31,13,14.0
1874,31,14,5.0
1875,31,15,26.0
1876,31,16,591.0
1877,31,17,5.0
1878,31,18,1.0
1879,31,19,0.0
1880,31,20,89.0
1881,31,21,19.0
1882,31,22,10.0
1883,31,23,3.0
1884,31,24,1.0
1885,31,25,401.0
1886,31,26,4.0
1887,31,27,2.0
1888,31,28,2.0
1889,31,29,38.0
1890,31,30,0.0
1891,31,31,0.0
1892,31,32,16.0
1893,31,33,0.0
1894,31,34,6.0
1895,31,35,1.0
1896,31,36,1.0
1897,31,37,18.0
1898,31,38,0.0
1899,31,39,3.0
1900,31,40,1.0
1901,31,41,0.0
1902,31,42,4.0
1903,31,43,0.0
1904,31,44,20.0
1905,31,45,0.0
1906,31,46,1.0
1907,31,47,0.0
1908,31,48,3.0
1909,31,49,5.0
1910,31,50,0.0
1911,31,51,0.0
1912,31,52,0.0
1913,31,53,0.0
1914,31,54,0.0
1915,31,55,0.0
1916,31,56,0.0
1917,31,57,0.0
1918,31,58,0.0
1919,31,59,0.0
1920,32,0,0.0
1921,32,1,96.0
1922,32,2,46.0
1923,32,3,8.0
1924,32,4,13.0
1925,32,5,8.0
1926,32,6,4.0
1927,32,7,3.0
1928,32,8,7.0
1929,32,9,0.0
1930,32,10,13.0
1931,32,11,12.0
1932,32,12,0.0
1933,32,13,1.0
1934,32,14,8.0
1935,32,15,11.0
1936,32,16,62.0
1937,32,17,4.0
1938,32,18,6.0
1939,32,19,0.0
1940,32,20,23.0
1941,32,21,1.0
1942,32,22,2.0
1943,32,23,22.0
1944,32,24,3.0
1945,32,25,5.0
1946,32,26,2.0
1947,32,27,0.0
1948,32,28,3.0
1949,32,29,26.0
1950,32,30,0.0
1951,32,31,16.0
1952,32,32,0.0
1953,32,33,0.0
1954,32,34,13.0
1955,32,35,1.0
1956,32,36,0.0
1957,32,37,4.0
1958,32,38,0.0
1959,32,39,0.0
1960,32,40,0.0
1961,32,41,0.0
1962,32,42,0.0
1963,32,43,0.0
1964,32,44,12.0
1965,32,45,0.0
1966,32,46,0.0
1967,32,47,0.0
1968,32,48,0.0
1969,32,49,0.0
1970,32,50,0.0
1971,32,51,0.0
1972,32,52,1.0
1973,32,53,0.0
1974,32,54,0.0
1975,32,55,0.0
1976,32,56,0.0
1977,32,57,0.0
1978,32,58,0.0
1979,32,59,0.0
1980,33,0,0.0
1981,33,1,0.0
1982,33,2,0.0
1983,33,3,0.0
1984,33,4,0.0
1985,33,5,0.0
1986,33,6,0.0
1987,33,7,0.0
1988,33,8,1.0
1989,33,9,0.0
1990,33,10,1.0
1991,33,11,0.0
1992,33,12,0.0
1993,33,13,0.0
1994,33,14,0.0
1995,33,15,2.0
1996,33,16,4.0
1997,33,17,0.0
1998,33,18,0.0
1999,33,19,0.0
2000,33,20,0.0
2001,33,21,0.0
2002,33,22,1.0
2003,33,23,0.0
2004,33,24,0.0
2005,33,25,0.0
2006,33,26,0.0
2007,33,27,0.0
2008,33,28,0.0
2009,33,29,0.0
2010,33,30,0.0
2011,33,31,0.0
2012,33,32,0.0
2013,33,33,0.0
2014,33,34,0.0
2015,33,35,0.0
2016,33,36,0.0
2017,33,37,0.0
2018,33,38,0.0
2019,33,39,0.0
2020,33,40,0.0
2021,33,41,0.0
2022,33,42,0.0
2023,33,43,0.0
2024,33,44,1.0
2025,33,45,0.0
2026,33,46,0.0
2027,33,47,0.0
2028,33,48,0.0
2029,33,49,0.0
2030,33,50,0.0
2031,33,51,0.0
2032,33,52,0.0
2033,33,53,0.0
2034,33,54,0.0
2035,33,55,0.0
2036,33,56,0.0
2037,33,57,0.0
2038,33,58,0.0
2039,33,59,0.0
2040,34,0,0.0
2041,34,1,21.0
2042,34,2,57.0
2043,34,3,6.0
2044,34,4,1.0
2045,34,5,3.0
2046,34,6,2.0
2047,34,7,0.0
2048,34,8,0.0
2049,34,9,0.0
2050,34,10,2.0
2051,34,11,0.0
2052,34,12,2.0
2053,34,13,0.0
2054,34,14,2.0
2055,34,15,1.0
2056,34,16,143.0
2057,34,17,1.0
2058,34,18,0.0
2059,34,19,0.0
2060,34,20,14.0
2061,34,21,0.0
2062,34,22,0.0
2063,34,23,0.0
2064,34,24,0.0
2065,34,25,1.0
2066,34,26,0.0
2067,34,27,0.0
2068,34,28,0.0
2069,34,29,7.0
2070,34,30,0.0
2071,34,31,6.0
2072,34,32,13.0
2073,34,33,0.0
2074,34,34,0.0
2075,34,35,1.0
2076,34,36,0.0
2077,34,37,2.0
2078,34,38,0.0
2079,34,39,1.0
2080,34,40,0.0
2081,34,41,0.0
2082,34,42,0.0
2083,34,43,0.0
2084,34,44,5.0
2085,34,45,0.0
2086,34,46,0.0
2087,34,47,0.0
2088,34,48,0.0
2089,34,49,0.0
2090,34,50,0.0
2091,34,51,0.0
2092,34,52,0.0
2093,34,53,0.0
2094,34,54,0.0
2095,34,55,0.0
2096,34,56,0.0
2097,34,57,0.0
2098,34,58,0.0
2099,34,59,0.0
2100,35,0,0.0
2101,35,1,11.0
2102,35,2,1.0
2103,35,3,0.0
2104,35,4,0.0
2105,35,5,0.0
2106,35,6,0.0
2107,35,7,0.0
2108,35,8,0.0
2109,35,9,0.0
2110,35,10,1.0
2111,35,11,0.0
2112,35,12,0.0
2113,35,13,0.0
2114,35,14,1.0
2115,35,15,2.0
2116,35,16,9.0
2117,35,17,0.0
2118,35,18,0.0
2119,35,19,0.0
2120,35,20,0.0
2121,35,21,0.0
2122,35,22,0.0
2123,35,23,0.0
2124,35,24,0.0
2125,35,25,0.0
2126,35,26,0.0
2127,35,27,0.0
2128,35,28,1.0
2129,35,29,0.0
2130,35,30,0.0
2131,35,31,1.0
2132,35,32,1.0
2133,35,33,0.0
2134,35,34,1.0
2135,35,35,0.0
2136,35,36,0.0
2137,35,37,0.0
2138,35,38,0.0
2139,35,39,1.0
2140,35,40,0.0
2141,35,41,0.0
2142,35,42,0.0
2143,35,43,0.0
2144,35,44,5.0
2145,35,45,0.0
2146,35,46,0.0
2147,35,47,0.0
2148,35,48,0.0
2149,35,49,0.0
2150,35,50,0.0
2151,35,51,0.0
2152,35,52,0.0
2153,35,53,0.0
2154,35,54,0.0
2155,35,55,0.0
2156,35,56,0.0
2157,35,57,0.0
2158,35,58,0.0
2159,35,59,0.0
2160,36,0,0.0
2161,36,1,2.0
2162,36,2,1.0
2163,36,3,0.0
2164,36,4,1.0
2165,36,5,1.0
2166,36,6,1.0
2167,36,7,0.0
2168,36,8,0.0
2169,36,9,0.0
2170,36,10,9.0
2171,36,11,0.0
2172,36,12,0.0
2173,36,13,0.0
2174,36,14,1.0
2175,36,15,7.0
2176,36,16,22.0
2177,36,17,0.0
2178,36,18,1.0
2179,36,19,0.0
2180,36,20,7.0
2181,36,21,2.0
2182,36,22,8.0
2183,36,23,0.0
2184,36,24,1.0
2185,36,25,1.0
2186,36,26,0.0
2187,36,27,0.0
2188,36,28,0.0
2189,36,29,10.0
2190,36,30,0.0
2191,36,31,1.0
2192,36,32,0.0
2193,36,33,0.0
2194,36,34,0.0
2195,36,35,0.0
2196,36,36,0.0
2197,36,37,0.0
2198,36,38,0.0
2199,36,39,0.0
2200,36,40,1.0
2201,36,41,0.0
2202,36,42,0.0
2203,36,43,0.0
2204,36,44,10.0
2205,36,45,0.0
2206,36,46,0.0
2207,36,47,0.0
2208,36,48,0.0
2209,36,49,0.0
2210,36,50,0.0
2211,36,51,0.0
2212,36,52,0.0
2213,36,53,0.0
2214,36,54,0.0
2215,36,55,0.0
2216,36,56,0.0
2217,36,57,0.0
2218,36,58,0.0
2219,36,59,0.0
2220,37,0,2.0
2221,37,1,23.0
2222,37,2,7.0
2223,37,3,3.0
2224,37,4,0.0
2225,37,5,2.0
2226,37,6,2.0
2227,37,7,0.0
2228,37,8,1.0
2229,37,9,0.0
2230,37,10,1.0
2231,37,11,2.0
2232,37,12,1.0
2233,37,13,1.0
2234,37,14,2.0
2235,37,15,7.0
2236,37,16,110.0
2237,37,17,1.0
2238,37,18,0.0
2239,37,19,0.0
2240,37,20,13.0
2241,37,21,2.0
2242,37,22,4.0
2243,37,23,0.0
2244,37,24,0.0
2245,37,25,12.0
2246,37,26,0.0
2247,37,27,0.0
2248,37,28,1.0
2249,37,29,20.0
2250,37,30,0.0
2251,37,31,18.0
2252,37,32,4.0
2253,37,33,0.0
2254,37,34,2.0
2255,37,35,0.0
2256,37,36,0.0
2257,37,37,0.0
2258,37,38,0.0
2259,37,39,2.0
2260,37,40,0.0
2261,37,41,0.0
2262,37,42,0.0
2263,37,43,0.0
2264,37,44,3.0
2265,37,45,0.0
2266,37,46,0.0
2267,37,47,0.0
2268,37,48,0.0
2269,37,49,0.0
2270,37,50,0.0
2271,37,51,0.0
2272,37,52,0.0
2273,37,53,0.0
2274,37,54,0.0
2275,37,55,0.0
2276,37,56,0.0
2277,37,57,0.0
2278,37,58,0.0
2279,37,59,0.0
2280,38,0,0.0
2281,38,1,2.0
2282,38,2,0.0
2283,38,3,0.0
2284,38,4,1.0
2285,38,5,2.0
2286,38,6,0.0
2287,38,7,0.0
2288,38,8,0.0
2289,38,9,0.0
2290,38,10,1.0
2291,38,11,1.0
2292,38,12,1.0
2293,38,13,0.0
2294,38,14,5.0
2295,38,15,35.0
2296,38,16,0.0
2297,38,17,0.0
2298,38,18,0.0
2299,38,19,0.0
2300,38,20,2.0
2301,38,21,2.0
2302,38,22,3.0
2303,38,23,6.0
2304,38,24,2.0
2305,38,25,0.0
2306,38,26,0.0
2307,38,27,0.0
2308,38,28,0.0
2309,38,29,1.0
2310,38,30,0.0
2311,38,31,0.0
2312,38,32,0.0
2313,38,33,0.0
2314,38,34,0.0
2315,38,35,0.0
2316,38,36,0.0
2317,38,37,0.0
2318,38,38,0.0
2319,38,39,2.0
2320,38,40,0.0
2321,38,41,0.0
2322,38,42,0.0
2323,38,43,0.0
2324,38,44,1.0
2325,38,45,0.0
2326,38,46,0.0
2327,38,47,0.0
2328,38,48,0.0
2329,38,49,0.0
2330,38,50,0.0
2331,38,51,0.0
2332,38,52,0.0
2333,38,53,0.0
2334,38,54,0.0
2335,38,55,0.0
2336,38,56,0.0
2337,38,57,0.0
2338,38,58,0.0
2339,38,59,0.0
2340,39,0,0.0
2341,39,1,21.0
2342,39,2,34.0
2343,39,3,4.0
2344,39,4,10.0
2345,39,5,11.0
2346,39,6,2.0
2347,39,7,0.0
2348,39,8,8.0
2349,39,9,0.0
2350,39,10,5.0
2351,39,11,0.0
2352,39,12,0.0
2353,39,13,0.0
2354,39,14,2.0
2355,39,15,17.0
2356,39,16,22.0
2357,39,17,0.0
2358,39,18,0.0
2359,39,19,0.0
2360,39,20,1.0
2361,39,21,3.0
2362,39,22,14.0
2363,39,23,2.0
2364,39,24,0.0
2365,39,25,0.0
2366,39,26,1.0
2367,39,27,0.0
2368,39,28,0.0
2369,39,29,9.0
2370,39,30,0.0
2371,39,31,3.0
2372,39,32,0.0
2373,39,33,0.0
2374,39,34,1.0
2375,39,35,1.0
2376,39,36,0.0
2377,39,37,2.0
2378,39,38,2.0
2379,39,39,0.0
2380,39,40,0.0
2381,39,41,0.0
2382,39,42,5.0
2383,39,43,0.0
2384,39,44,17.0
2385,39,45,0.0
2386,39,46,0.0
2387,39,47,1.0
2388,39,48,0.0
2389,39,49,0.0
2390,39,50,0.0
2391,39,51,0.0
2392,39,52,0.0
2393,39,53,0.0
2394,39,54,0.0
2395,39,55,0.0
2396,39,56,0.0
2397,39,57,0.0
2398,39,58,0.0
2399,39,59,0.0
2400,40,0,0.0
2401,40,1,7.0
2402,40,2,2.0
2403,40,3,0.0
2404,40,4,2.0
2405,40,5,2.0
2406,40,6,0.0
2407,40,7,0.0
2408,40,8,2.0
2409,40,9,0.0
2410,40,10,0.0
2411,40,11,0.0
2412,40,12,0.0
2413,40,13,0.0
2414,40,14,4.0
2415,40,15,41.0
2416,40,16,11.0
2417,40,17,2.0
2418,40,18,1.0
2419,40,19,0.0
2420,40,20,0.0
2421,40,21,3.0
2422,40,22,2.0
2423,40,23,1.0
2424,40,24,0.0
2425,40,25,0.0
2426,40,26,0.0
2427,40,27,0.0
2428,40,28,3.0
2429,40,29,2.0
2430,40,30,0.0
2431,40,31,1.0
2432,40,32,0.0
2433,40,33,0.0
2434,40,34,0.0
2435,40,35,0.0
2436,40,36,1.0
2437,40,37,0.0
2438,40,38,0.0
2439,40,39,0.0
2440,40,40,0.0
2441,40,41,0.0
2442,40,42,1.0
2443,40,43,0.0
2444,40,44,4.0
2445,40,45,0.0
2446,40,46,0.0
2447,40,47,0.0
2448,40,48,0.0
2449,40,49,0.0
2450,40,50,0.0
2451,40,51,0.0
2452,40,52,0.0
2453,40,53,0.0
2454,40,54,0.0
2455,40,55,0.0
2456,40,56,0.0
2457,40,57,0.0
2458,40,58,0.0
2459,40,59,0.0
2460,41,0,0.0
2461,41,1,0.0
2462,41,2,0.0
2463,41,3,0.0
2464,41,4,0.0
2465,41,5,0.0
2466,41,6,0.0
2467,41,7,0.0
2468,41,8,0.0
2469,41,9,0.0
2470,41,10,0.0
2471,41,11,0.0
2472,41,12,0.0
2473,41,13,0.0
2474,41,14,0.0
2475,41,15,4.0
2476,41,16,0.0
2477,41,17,0.0
2478,41,18,0.0
2479,41,19,0.0
2480,41,20,0.0
2481,41,21,0.0
2482,41,22,0.0
2483,41,23,0.0
2484,41,24,0.0
2485,41,25,0.0
2486,41,26,0.0
2487,41,27,0.0
2488,41,28,0.0
2489,41,29,0.0
2490,41,30,0.0
2491,41,31,0.0
2492,41,32,0.0
2493,41,33,0.0
2494,41,34,0.0
2495,41,35,0.0
2496,41,36,0.0
2497,41,37,0.0
2498,41,38,0.0
2499,41,39,0.0
2500,41,40,0.0
2501,41,41,0.0
2502,41,42,0.0
2503,41,43,0.0
2504,41,44,0.0
2505,41,45,0.0
2506,41,46,0.0
2507,41,47,0.0
2508,41,48,0.0
2509,41,49,0.0
2510,41,50,0.0
2511,41,51,0.0
2512,41,52,0.0
2513,41,53,0.0
2514,41,54,0.0
2515,41,55,0.0
2516,41,56,0.0
2517,41,57,0.0
2518,41,58,0.0
2519,41,59,0.0
2520,42,0,0.0
2521,42,1,10.0
2522,42,2,30.0
2523,42,3,2.0
2524,42,4,3.0
2525,42,5,4.0
2526,42,6,1.0
2527,42,7,0.0
2528,42,8,59.0
2529,42,9,0.0
2530,42,10,10.0
2531,42,11,6.0
2532,42,12,0.0
2533,42,13,3.0
2534,42,14,1.0
2535,42,15,5.0
2536,42,16,16.0
2537,42,17,0.0
2538,42,18,0.0
2539,42,19,0.0
2540,42,20,2.0
2541,42,21,0.0
2542,42,22,7.0
2543,42,23,4.0
2544,42,24,1.0
2545,42,25,2.0
2546,42,26,0.0
2547,42,27,0.0
2548,42,28,0.0
2549,42,29,6.0
2550,42,30,0.0
2551,42,31,4.0
2552,42,32,0.0
2553,42,33,0.0
2554,42,34,0.0
2555,42,35,0.0
2556,42,36,0.0
2557,42,37,0.0
2558,42,38,0.0
2559,42,39,5.0
2560,42,40,1.0
2561,42,41,0.0
2562,42,42,0.0
2563,42,43,0.0
2564,42,44,41.0
2565,42,45,0.0
2566,42,46,0.0
2567,42,47,0.0
2568,42,48,0.0
2569,42,49,0.0
2570,42,50,0.0
2571,42,51,0.0
2572,42,52,0.0
2573,42,53,0.0
2574,42,54,0.0
2575,42,55,0.0
2576,42,56,0.0
2577,42,57,0.0
2578,42,58,0.0
2579,42,59,0.0
2580,43,0,0.0
2581,43,1,0.0
2582,43,2,0.0
2583,43,3,0.0
2584,43,4,0.0
2585,43,5,1.0
2586,43,6,0.0
2587,43,7,0.0
2588,43,8,7.0
2589,43,9,0.0
2590,43,10,1.0
2591,43,11,3.0
2592,43,12,0.0
2593,43,13,0.0
2594,43,14,0.0
2595,43,15,41.0
2596,43,16,2.0
2597,43,17,0.0
2598,43,18,0.0
2599,43,19,0.0
2600,43,20,2.0
2601,43,21,0.0
2602,43,22,1.0
2603,43,23,4.0
2604,43,24,2.0
2605,43,25,0.0
2606,43,26,0.0
2607,43,27,0.0
2608,43,28,0.0
2609,43,29,5.0
2610,43,30,0.0
2611,43,31,0.0
2612,43,32,0.0
2613,43,33,0.0
2614,43,34,0.0
2615,43,35,0.0
2616,43,36,0.0
2617,43,37,0.0
2618,43,38,0.0
2619,43,39,0.0
2620,43,40,0.0
2621,43,41,0.0
2622,43,42,0.0
2623,43,43,0.0
2624,43,44,5.0
2625,43,45,0.0
2626,43,46,0.0
2627,43,47,0.0
2628,43,48,0.0
2629,43,49,0.0
2630,43,50,0.0
2631,43,51,0.0
2632,43,52,0.0
2633,43,53,0.0
2634,43,54,0.0
2635,43,55,0.0
2636,43,56,0.0
2637,43,57,0.0
2638,43,58,0.0
2639,43,59,0.0
2640,44,0,2.0
2641,44,1,103.0
2642,44,2,82.0
2643,44,3,12.0
2644,44,4,167.0
2645,44,5,66.0
2646,44,6,31.0
2647,44,7,5.0
2648,44,8,285.0
2649,44,9,0.0
2650,44,10,89.0
2651,44,11,57.0
2652,44,12,13.0
2653,44,13,2.0
2654,44,14,12.0
2655,44,15,509.0
2656,44,16,143.0
2657,44,17,44.0
2658,44,18,18.0
2659,44,19,4.0
2660,44,20,21.0
2661,44,21,29.0
2662,44,22,85.0
2663,44,23,49.0
2664,44,24,18.0
2665,44,25,6.0
2666,44,26,9.0
2667,44,27,7.0
2668,44,28,11.0
2669,44,29,62.0
2670,44,30,0.0
2671,44,31,20.0
2672,44,32,12.0
2673,44,33,1.0
2674,44,34,5.0
2675,44,35,5.0
2676,44,36,10.0
2677,44,37,3.0
2678,44,38,1.0
2679,44,39,17.0
2680,44,40,4.0
2681,44,41,0.0
2682,44,42,41.0
2683,44,43,5.0
2684,44,44,0.0
2685,44,45,0.0
2686,44,46,0.0
2687,44,47,3.0
2688,44,48,0.0
2689,44,49,0.0
2690,44,50,0.0
2691,44,51,5.0
2692,44,52,3.0
2693,44,53,0.0
2694,44,54,0.0
2695,44,55,1.0
2696,44,56,0.0
2697,44,57,0.0
2698,44,58,0.0
2699,44,59,0.0
2700,45,0,0.0
2701,45,1,1.0
2702,45,2,0.0
2703,45,3,0.0
2704,45,4,2.0
2705,45,5,0.0
2706,45,6,0.0
2707,45,7,0.0
2708,45,8,4.0
2709,45,9,0.0
2710,45,10,1.0
2711,45,11,0.0
2712,45,12,0.0
2713,45,13,0.0
2714,45,14,0.0
2715,45,15,3.0
2716,45,16,2.0
2717,45,17,0.0
2718,45,18,0.0
2719,45,19,0.0
2720,45,20,1.0
2721,45,21,0.0
2722,45,22,0.0
2723,45,23,2.0
2724,45,24,0.0
2725,45,25,0.0
2726,45,26,0.0
2727,45,27,0.0
2728,45,28,0.0
2729,45,29,3.0
2730,45,30,0.0
2731,45,31,0.0
2732,45,32,0.0
2733,45,33,0.0
2734,45,34,0.0
2735,45,35,0.0
2736,45,36,0.0
2737,45,37,0.0
2738,45,38,0.0
2739,45,39,0.0
2740,45,40,0.0
2741,45,41,0.0
2742,45,42,0.0
2743,45,43,0.0
2744,45,44,0.0
2745,45,45,0.0
2746,45,46,0.0
2747,45,47,0.0
2748,45,48,0.0
2749,45,49,0.0
2750,45,50,0.0
2751,45,51,0.0
2752,45,52,0.0
2753,45,53,0.0
2754,45,54,0.0
2755,45,55,0.0
2756,45,56,0.0
2757,45,57,0.0
2758,45,58,0.0
2759,45,59,0.0
2760,46,0,0.0
2761,46,1,0.0
2762,46,2,0.0
2763,46,3,0.0
2764,46,4,0.0
2765,46,5,0.0
2766,46,6,0.0
2767,46,7,0.0
2768,46,8,0.0
2769,46,9,0.0
2770,46,10,0.0
2771,46,11,0.0
2772,46,12,0.0
2773,46,13,0.0
2774,46,14,0.0
2775,46,15,0.0
2776,46,16,0.0
2777,46,17,0.0
2778,46,18,0.0
2779,46,19,0.0
2780,46,20,0.0
2781,46,21,0.0
2782,46,22,0.0
2783,46,23,0.0
2784,46,24,0.0
2785,46,25,0.0
2786,46,26,0.0
2787,46,27,0.0
2788,46,28,0.0
2789,46,29,0.0
2790,46,30,0.0
2791,46,31,1.0
2792,46,32,0.0
2793,46,33,0.0
2794,46,34,0.0
2795,46,35,0.0
2796,46,36,0.0
2797,46,37,0.0
2798,46,38,0.0
2799,46,39,0.0
2800,46,40,0.0
2801,46,41,0.0
2802,46,42,0.0
2803,46,43,0.0
2804,46,44,0.0
2805,46,45,0.0
2806,46,46,0.0
2807,46,47,0.0
2808,46,48,0.0
2809,46,49,0.0
2810,46,50,0.0
2811,46,51,0.0
2812,46,52,0.0
2813,46,53,0.0
2814,46,54,0.0
2815,46,55,0.0
2816,46,56,0.0
2817,46,57,0.0
2818,46,58,0.0
2819,46,59,0.0
2820,47,0,0.0
2821,47,1,0.0
2822,47,2,0.0
2823,47,3,0.0
2824,47,4,0.0
2825,47,5,0.0
2826,47,6,0.0
2827,47,7,0.0
2828,47,8,0.0
2829,47,9,0.0
2830,47,10,0.0
2831,47,11,0.0
2832,47,12,0.0
2833,47,13,0.0
2834,47,14,0.0
2835,47,15,3.0
2836,47,16,1.0
2837,47,17,0.0
2838,47,18,0.0
2839,47,19,0.0
2840,47,20,0.0
2841,47,21,3.0
2842,47,22,4.0
2843,47,23,0.0
2844,47,24,2.0
2845,47,25,0.0
2846,47,26,0.0
2847,47,27,0.0
2848,47,28,0.0
2849,47,29,1.0
2850,47,30,0.0
2851,47,31,0.0
2852,47,32,0.0
2853,47,33,0.0
2854,47,34,0.0
2855,47,35,0.0
2856,47,36,0.0
2857,47,37,0.0
2858,47,38,0.0
2859,47,39,1.0
2860,47,40,0.0
2861,47,41,0.0
2862,47,42,0.0
2863,47,43,0.0
2864,47,44,3.0
2865,47,45,0.0
2866,47,46,0.0
2867,47,47,0.0
2868,47,48,0.0
2869,47,49,0.0
2870,47,50,0.0
2871,47,51,0.0
2872,47,52,0.0
2873,47,53,0.0
2874,47,54,0.0
2875,47,55,0.0
2876,47,56,0.0
2877,47,57,0.0
2878,47,58,0.0
2879,47,59,0.0
2880,48,0,0.0
2881,48,1,0.0
2882,48,2,0.0
2883,48,3,0.0
2884,48,4,0.0
2885,48,5,0.0
2886,48,6,0.0
2887,48,7,0.0
2888,48,8,0.0
2889,48,9,0.0
2890,48,10,0.0
2891,48,11,0.0
2892,48,12,0.0
2893,48,13,0.0
2894,48,14,0.0
2895,48,15,0.0
2896,48,16,1.0
2897,48,17,0.0
2898,48,18,0.0
2899,48,19,0.0
2900,48,20,0.0
2901,48,21,0.0
2902,48,22,0.0
2903,48,23,0.0
2904,48,24,0.0
2905,48,25,0.0
2906,48,26,0.0
2907,48,27,0.0
2908,48,28,0.0
2909,48,29,0.0
2910,48,30,0.0
2911,48,31,3.0
2912,48,32,0.0
2913,48,33,0.0
2914,48,34,0.0
2915,48,35,0.0
2916,48,36,0.0
2917,48,37,0.0
2918,48,38,0.0
2919,48,39,0.0
2920,48,40,0.0
2921,48,41,0.0
2922,48,42,0.0
2923,48,43,0.0
2924,48,44,0.0
2925,48,45,0.0
2926,48,46,0.0
2927,48,47,0.0
2928,48,48,0.0
2929,48,49,0.0
2930,48,50,0.0
2931,48,51,0.0
2932,48,52,0.0
2933,48,53,0.0
2934,48,54,0.0
2935,48,55,0.0
2936,48,56,0.0
2937,48,57,0.0
2938,48,58,0.0
2939,48,59,0.0
2940,49,0,0.0
2941,49,1,0.0
2942,49,2,0.0
2943,49,3,0.0
2944,49,4,0.0
2945,49,5,0.0
2946,49,6,0.0
2947,49,7,0.0
2948,49,8,0.0
2949,49,9,0.0
2950,49,10,0.0
2951,49,11,0.0
2952,49,12,0.0
2953,49,13,0.0
2954,49,14,0.0
2955,49,15,1.0
2956,49,16,0.0
2957,49,17,0.0
2958,49,18,0.0
2959,49,19,0.0
2960,49,20,0.0
2961,49,21,0.0
2962,49,22,0.0
2963,49,23,0.0
2964,49,24,0.0
2965,49,25,3.0
2966,49,26,0.0
2967,49,27,0.0
2968,49,28,0.0
2969,49,29,0.0
2970,49,30,0.0
2971,49,31,5.0
2972,49,32,0.0
2973,49,33,0.0
2974,49,34,0.0
2975,49,35,0.0
2976,49,36,0.0
2977,49,37,0.0
2978,49,38,0.0
2979,49,39,0.0
2980,49,40,0.0
2981,49,41,0.0
2982,49,42,0.0
2983,49,43,0.0
2984,49,44,0.0
2985,49,45,0.0
2986,49,46,0.0
2987,49,47,0.0
2988,49,48,0.0
2989,49,49,0.0
2990,49,50,0.0
2991,49,51,0.0
2992,49,52,0.0
2993,49,53,0.0
2994,49,54,0.0
2995,49,55,0.0
2996,49,56,0.0
2997,49,57,0.0
2998,49,58,0.0
2999,49,59,0.0
3000,50,0,0.0
3001,50,1,0.0
3002,50,2,0.0
3003,50,3,0.0
3004,50,4,0.0
3005,50,5,0.0
3006,50,6,0.0
3007,50,7,0.0
3008,50,8,0.0
3009,50,9,0.0
3010,50,10,0.0
3011,50,11,0.0
3012,50,12,0.0
3013,50,13,0.0
3014,50,14,0.0
3015,50,15,0.0
3016,50,16,1.0
3017,50,17,0.0
3018,50,18,0.0
3019,50,19,0.0
3020,50,20,0.0
3021,50,21,0.0
3022,50,22,0.0
3023,50,23,0.0
3024,50,24,0.0
3025,50,25,0.0
3026,50,26,0.0
3027,50,27,0.0
3028,50,28,0.0
3029,50,29,0.0
3030,50,30,0.0
3031,50,31,0.0
3032,50,32,0.0
3033,50,33,0.0
3034,50,34,0.0
3035,50,35,0.0
3036,50,36,0.0
3037,50,37,0.0
3038,50,38,0.0
3039,50,39,0.0
3040,50,40,0.0
3041,50,41,0.0
3042,50,42,0.0
3043,50,43,0.0
3044,50,44,0.0
3045,50,45,0.0
3046,50,46,0.0
3047,50,47,0.0
3048,50,48,0.0
3049,50,49,0.0
3050,50,50,0.0
3051,50,51,0.0
3052,50,52,0.0
3053,50,53,0.0
3054,50,54,0.0
3055,50,55,0.0
3056,50,56,0.0
3057,50,57,0.0
3058,50,58,0.0
3059,50,59,0.0
3060,51,0,0.0
3061,51,1,0.0
3062,51,2,0.0
3063,51,3,0.0
3064,51,4,0.0
3065,51,5,1.0
3066,51,6,0.0
3067,51,7,0.0
3068,51,8,1.0
3069,51,9,0.0
3070,51,10,0.0
3071,51,11,0.0
3072,51,12,0.0
3073,51,13,0.0
3074,51,14,0.0
3075,51,15,28.0
3076,51,16,0.0
3077,51,17,0.0
3078,51,18,0.0
3079,51,19,0.0
3080,51,20,7.0
3081,51,21,0.0
3082,51,22,1.0
3083,51,23,2.0
3084,51,24,0.0
3085,51,25,0.0
3086,51,26,0.0
3087,51,27,0.0
3088,51,28,1.0
3089,51,29,1.0
3090,51,30,0.0
3091,51,31,0.0
3092,51,32,0.0
3093,51,33,0.0
3094,51,34,0.0
3095,51,35,0.0
3096,51,36,0.0
3097,51,37,0.0
3098,51,38,0.0
3099,51,39,0.0
3100,51,40,0.0
3101,51,41,0.0
3102,51,42,0.0
3103,51,43,0.0
3104,51,44,5.0
3105,51,45,0.0
3106,51,46,0.0
3107,51,47,0.0
3108,51,48,0.0
3109,51,49,0.0
3110,51,50,0.0
3111,51,51,0.0
3112,51,52,0.0
3113,51,53,0.0
3114,51,54,0.0
3115,51,55,0.0
3116,51,56,0.0
3117,51,57,0.0
3118,51,58,0.0
3119,51,59,0.0
3120,52,0,0.0
3121,52,1,0.0
3122,52,2,1.0
3123,52,3,0.0
3124,52,4,2.0
3125,52,5,2.0
3126,52,6,0.0
3127,52,7,0.0
3128,52,8,0.0
3129,52,9,0.0
3130,52,10,0.0
3131,52,11,0.0
3132,52,12,0.0
3133,52,13,0.0
3134,52,14,0.0
3135,52,15,7.0
3136,52,16,0.0
3137,52,17,0.0
3138,52,18,0.0
3139,52,19,0.0
3140,52,20,1.0
3141,52,21,0.0
3142,52,22,4.0
3143,52,23,0.0
3144,52,24,1.0
3145,52,25,0.0
3146,52,26,0.0
3147,52,27,0.0
3148,52,28,0.0
3149,52,29,0.0
3150,52,30,0.0
3151,52,31,0.0
3152,52,32,1.0
3153,52,33,0.0
3154,52,34,0.0
3155,52,35,0.0
3156,52,36,0.0
3157,52,37,0.0
3158,52,38,0.0
3159,52,39,0.0
3160,52,40,0.0
3161,52,41,0.0
3162,52,42,0.0
3163,52,43,0.0
3164,52,44,3.0
3165,52,45,0.0
3166,52,46,0.0
3167,52,47,0.0
3168,52,48,0.0
3169,52,49,0.0
3170,52,50,0.0
3171,52,51,0.0
3172,52,52,0.0
3173,52,53,0.0
3174,52,54,0.0
3175,52,55,0.0
3176,52,56,0.0
3177,52,57,0.0
3178,52,58,0.0
3179,52,59,0.0
3180,53,0,0.0
3181,53,1,0.0
3182,53,2,0.0
3183,53,3,0.0
3184,53,4,0.0
3185,53,5,0.0
3186,53,6,0.0
3187,53,7,0.0
3188,53,8,0.0
3189,53,9,0.0
3190,53,10,0.0
3191,53,11,0.0
3192,53,12,0.0
3193,53,13,0.0
3194,53,14,0.0
3195,53,15,3.0
3196,53,16,0.0
3197,53,17,0.0
3198,53,18,0.0
3199,53,19,0.0
3200,53,20,0.0
3201,53,21,0.0
3202,53,22,0.0
3203,53,23,0.0
3204,53,24,0.0
3205,53,25,0.0
3206,53,26,0.0
3207,53,27,0.0
3208,53,28,0.0
3209,53,29,0.0
3210,53,30,0.0
3211,53,31,0.0
3212,53,32,0.0
3213,53,33,0.0
3214,53,34,0.0
3215,53,35,0.0
3216,53,36,0.0
3217,53,37,0.0
3218,53,38,0.0
3219,53,39,0.0
3220,53,40,0.0
3221,53,41,0.0
3222,53,42,0.0
3223,53,43,0.0
3224,53,44,0.0
3225,53,45,0.0
3226,53,46,0.0
3227,53,47,0.0
3228,53,48,0.0
3229,53,49,0.0
3230,53,50,0.0
3231,53,51,0.0
3232,53,52,0.0
3233,53,53,0.0
3234,53,54,0.0
3235,53,55,0.0
3236,53,56,0.0
3237,53,57,0.0
3238,53,58,0.0
3239,53,59,0.0
3240,54,0,0.0
3241,54,1,0.0
3242,54,2,8.0
3243,54,3,0.0
3244,54,4,0.0
3245,54,5,0.0
3246,54,6,0.0
3247,54,7,0.0
3248,54,8,0.0
3249,54,9,0.0
3250,54,10,0.0
3251,54,11,1.0
3252,54,12,0.0
3253,54,13,0.0
3254,54,14,0.0
3255,54,15,0.0
3256,54,16,0.0
3257,54,17,0.0
3258,54,18,0.0
3259,54,19,0.0
3260,54,20,0.0
3261,54,21,0.0
3262,54,22,0.0
3263,54,23,0.0
3264,54,24,0.0
3265,54,25,0.0
3266,54,26,0.0
3267,54,27,0.0
3268,54,28,0.0
3269,54,29,0.0
3270,54,30,0.0
3271,54,31,0.0
3272,54,32,0.0
3273,54,33,0.0
3274,54,34,0.0
3275,54,35,0.0
3276,54,36,0.0
3277,54,37,0.0
3278,54,38,0.0
3279,54,39,0.0
3280,54,40,0.0
3281,54,41,0.0
3282,54,42,0.0
3283,54,43,0.0
3284,54,44,0.0
3285,54,45,0.0
3286,54,46,0.0
3287,54,47,0.0
3288,54,48,0.0
3289,54,49,0.0
3290,54,50,0.0
3291,54,51,0.0
3292,54,52,0.0
3293,54,53,0.0
3294,54,54,0.0
3295,54,55,0.0
3296,54,56,0.0
3297,54,57,0.0
3298,54,58,0.0
3299,54,59,0.0
3300,55,0,0.0
3301,55,1,0.0
3302,55,2,0.0
3303,55,3,0.0
3304,55,4,0.0
3305,55,5,0.0
3306,55,6,0.0
3307,55,7,0.0
3308,55,8,0.0
3309,55,9,0.0
3310,55,10,0.0
3311,55,11,0.0
3312,55,12,0.0
3313,55,13,0.0
3314,55,14,0.0
3315,55,15,0.0
3316,55,16,0.0
3317,55,17,0.0
3318,55,18,0.0
3319,55,19,0.0
3320,55,20,0.0
3321,55,21,0.0
3322,55,22,1.0
3323,55,23,0.0
3324,55,24,0.0
3325,55,25,0.0
3326,55,26,0.0
3327,55,27,0.0
3328,55,28,0.0
3329,55,29,0.0
3330,55,30,0.0
3331,55,31,0.0
3332,55,32,0.0
3333,55,33,0.0
3334,55,34,0.0
3335,55,35,0.0
3336,55,36,0.0
3337,55,37,0.0
3338,55,38,0.0
3339,55,39,0.0
3340,55,40,0.0
3341,55,41,0.0
3342,55,42,0.0
3343,55,43,0.0
3344,55,44,1.0
3345,55,45,0.0
3346,55,46,0.0
3347,55,47,0.0
3348,55,48,0.0
3349,55,49,0.0
3350,55,50,0.0
3351,55,51,0.0
3352,55,52,0.0
3353,55,53,0.0
3354,55,54,0.0
3355,55,55,0.0
3356,55,56,0.0
3357,55,57,0.0
3358,55,58,0.0
3359,55,59,0.0
3360,56,0,0.0
3361,56,1,0.0
3362,56,2,0.0
3363,56,3,0.0
3364,56,4,0.0
3365,56,5,0.0
3366,56,6,0.0
3367,56,7,0.0
3368,56,8,0.0
3369,56,9,0.0
3370,56,10,0.0
3371,56,11,0.0
3372,56,12,0.0
3373,56,13,0.0
3374,56,14,0.0
3375,56,15,3.0
3376,56,16,0.0
3377,56,17,0.0
3378,56,18,0.0
3379,56,19,0.0
3380,56,20,0.0
3381,56,21,0.0
3382,56,22,0.0
3383,56,23,1.0
3384,56,24,0.0
3385,56,25,0.0
3386,56,26,0.0
3387,56,27,0.0
3388,56,28,0.0
3389,56,29,0.0
3390,56,30,0.0
3391,56,31,0.0
3392,56,32,0.0
3393,56,33,0.0
3394,56,34,0.0
3395,56,35,0.0
3396,56,36,0.0
3397,56,37,0.0
3398,56,38,0.0
3399,56,39,0.0
3400,56,40,0.0
3401,56,41,0.0
3402,56,42,0.0
3403,56,43,0.0
3404,56,44,0.0
3405,56,45,0.0
3406,56,46,0.0
3407,56,47,0.0
3408,56,48,0.0
3409,56,49,0.0
3410,56,50,0.0
3411,56,51,0.0
3412,56,52,0.0
3413,56,53,0.0
3414,56,54,0.0
3415,56,55,0.0
3416,56,56,0.0
3417,56,57,0.0
3418,56,58,0.0
3419,56,59,0.0
3420,57,0,0.0
3421,57,1,1.0
3422,57,2,0.0
3423,57,3,0.0
3424,57,4,0.0
3425,57,5,0.0
3426,57,6,0.0
3427,57,7,0.0
3428,57,8,2.0
3429,57,9,0.0
3430,57,10,0.0
3431,57,11,0.0
3432,57,12,0.0
3433,57,13,0.0
3434,57,14,0.0
3435,57,15,0.0
3436,57,16,0.0
3437,57,17,0.0
3438,57,18,0.0
3439,57,19,0.0
3440,57,20,0.0
3441,57,21,0.0
3442,57,22,0.0
3443,57,23,0.0
3444,57,24,0.0
3445,57,25,0.0
3446,57,26,0.0
3447,57,27,0.0
3448,57,28,0.0
3449,57,29,0.0
3450,57,30,0.0
3451,57,31,0.0
3452,57,32,0.0
3453,57,33,0.0
3454,57,34,0.0
3455,57,35,0.0
3456,57,36,0.0
3457,57,37,0.0
3458,57,38,0.0
3459,57,39,0.0
3460,57,40,0.0
3461,57,41,0.0
3462,57,42,0.0
3463,57,43,0.0
3464,57,44,0.0
3465,57,45,0.0
3466,57,46,0.0
3467,57,47,0.0
3468,57,48,0.0
3469,57,49,0.0
3470,57,50,0.0
3471,57,51,0.0
3472,57,52,0.0
3473,57,53,0.0
3474,57,54,0.0
3475,57,55,0.0
3476,57,56,0.0
3477,57,57,0.0
3478,57,58,0.0
3479,57,59,0.0
3480,58,0,0.0
3481,58,1,1.0
3482,58,2,0.0
3483,58,3,0.0
3484,58,4,0.0
3485,58,5,0.0
3486,58,6,0.0
3487,58,7,0.0
3488,58,8,0.0
3489,58,9,0.0
3490,58,10,0.0
3491,58,11,0.0
3492,58,12,0.0
3493,58,13,0.0
3494,58,14,0.0
3495,58,15,0.0
3496,58,16,0.0
3497,58,17,0.0
3498,58,18,0.0
3499,58,19,0.0
3500,58,20,0.0
3501,58,21,0.0
3502,58,22,0.0
3503,58,23,0.0
3504,58,24,0.0
3505,58,25,0.0
3506,58,26,0.0
3507,58,27,0.0
3508,58,28,0.0
3509,58,29,0.0
3510,58,30,0.0
3511,58,31,0.0
3512,58,32,0.0
3513,58,33,0.0
3514,58,34,0.0
3515,58,35,0.0
3516,58,36,0.0
3517,58,37,0.0
3518,58,38,0.0
3519,58,39,0.0
3520,58,40,0.0
3521,58,41,0.0
3522,58,42,0.0
3523,58,43,0.0
3524,58,44,0.0
3525,58,45,0.0
3526,58,46,0.0
3527,58,47,0.0
3528,58,48,0.0
3529,58,49,0.0
3530,58,50,0.0
3531,58,51,0.0
3532,58,52,0.0
3533,58,53,0.0
3534,58,54,0.0
3535,58,55,0.0
3536,58,56,0.0
3537,58,57,0.0
3538,58,58,0.0
3539,58,59,0.0
3540,59,0,0.0
3541,59,1,0.0
3542,59,2,0.0
3543,59,3,0.0
3544,59,4,0.0
3545,59,5,0.0
3546,59,6,0.0
3547,59,7,0.0
3548,59,8,0.0
3549,59,9,0.0
3550,59,10,0.0
3551,59,11,0.0
3552,59,12,0.0
3553,59,13,0.0
3554,59,14,0.0
3555,59,15,3.0
3556,59,16,0.0
3557,59,17,0.0
3558,59,18,0.0
3559,59,19,0.0
3560,59,20,0.0
3561,59,21,0.0
3562,59,22,0.0
3563,59,23,0.0
3564,59,24,0.0
3565,59,25,0.0
3566,59,26,0.0
3567,59,27,0.0
3568,59,28,0.0
3569,59,29,0.0
3570,59,30,0.0
3571,59,31,0.0
3572,59,32,0.0
3573,59,33,0.0
3574,59,34,0.0
3575,59,35,0.0
3576,59,36,0.0
3577,59,37,0.0
3578,59,38,0.0
3579,59,39,0.0
3580,59,40,0.0
3581,59,41,0.0
3582,59,42,0.0
3583,59,43,0.0
3584,59,44,0.0
3585,59,45,0.0
3586,59,46,0.0
3587,59,47,0.0
3588,59,48,0.0
3589,59,49,0.0
3590,59,50,0.0
3591,59,51,0.0
3592,59,52,0.0
3593,59,53,0.0
3594,59,54,0.0
3595,59,55,0.0
3596,59,56,0.0
3597,59,57,0.0
3598,59,58,0.0
3599,59,59,0.0
